date,price,shares,invested,value,monthly_invest,return_pct,資料來源_股價,資料來源_基本面,資料來源_策略
2006-01-31,6532.14990234375,0.1530889546244488,1000.0,1000.0,1000.0,0.0,Yahoo Finance (^TWII) -> data/taiex_price.csv,Goodinfo/TWSE -> data/fundamentals/taiex_fundamental.csv,scripts/experiments/walkforward_yearly_calibration.py::run_market(Model-Driven DCA)
2006-02-28,6561.599609375,0.3054908169037674,2000.0,2004.50842486341,1000.0,0.22542124317050138,Yahoo Finance (^TWII) -> data/taiex_price.csv,Goodinfo/TWSE -> data/fundamentals/taiex_fundamental.csv,scripts/experiments/walkforward_yearly_calibration.py::run_market(Model-Driven DCA)
2006-03-31,6613.93994140625,0.4566866258858764,3000.0,3020.497915652651,1000.0,0.6832638550883682,Yahoo Finance (^TWII) -> data/taiex_price.csv,Goodinfo/TWSE -> data/fundamentals/taiex_fundamental.csv,scripts/experiments/walkforward_yearly_calibration.py::run_market(Model-Driven DCA)
2006-04-30,7171.73681640625,0.5961228636619719,4000.0,4275.236288426087,1000.0,6.880907210652186,Yahoo Finance (^TWII) -> data/taiex_price.csv,Goodinfo/TWSE -> data/fundamentals/taiex_fundamental.csv,scripts/experiments/walkforward_yearly_calibration.py::run_market(Model-Driven DCA)
2006-05-31,6846.91845703125,0.7421739677134709,5000.0,5081.604637865479,1000.0,1.6320927573095834,Yahoo Finance (^TWII) -> data/taiex_price.csv,Goodinfo/TWSE -> data/fundamentals/taiex_fundamental.csv,scripts/experiments/walkforward_yearly_calibration.py::run_market(Model-Driven DCA)
2006-06-30,6704.37890625,0.8913302152918667,6000.0,5975.815493906062,1000.0,-0.4030751015656278,Yahoo Finance (^TWII) -> data/taiex_price.csv,Goodinfo/TWSE -> data/fundamentals/taiex_fundamental.csv,scripts/experiments/walkforward_yearly_calibration.py::run_market(Model-Driven DCA)
2006-07-31,6454.55029296875,1.0462596766192265,7000.0,6753.135702244018,1000.0,-3.526632825085458,Yahoo Finance (^TWII) -> data/taiex_price.csv,Goodinfo/TWSE -> data/fundamentals/taiex_fundamental.csv,scripts/experiments/walkforward_yearly_calibration.py::run_market(Model-Driven DCA)
2006-08-31,6611.73974609375,1.1975057991833828,8000.0,7917.596688638533,1000.0,-1.030041392018336,Yahoo Finance (^TWII) -> data/taiex_price.csv,Goodinfo/TWSE -> data/fundamentals/taiex_fundamental.csv,scripts/experiments/walkforward_yearly_calibration.py::run_market(Model-Driven DCA)
2006-09-30,6883.01806640625,1.3427909038209358,9000.0,9242.454050405478,1000.0,2.693933893394205,Yahoo Finance (^TWII) -> data/taiex_price.csv,Goodinfo/TWSE -> data/fundamentals/taiex_fundamental.csv,scripts/experiments/walkforward_yearly_calibration.py::run_market(Model-Driven DCA)
2006-10-31,7021.2880859375,1.4852149131708494,10000.0,10428.121774903184,1000.0,4.281217749031839,Yahoo Finance (^TWII) -> data/taiex_price.csv,Goodinfo/TWSE -> data/fundamentals/taiex_fundamental.csv,scripts/experiments/walkforward_yearly_calibration.py::run_market(Model-Driven DCA)
2006-11-30,7567.68505859375,1.6173557187484302,11000.0,12239.63870720365,1000.0,11.26944279276046,Yahoo Finance (^TWII) -> data/taiex_price.csv,Goodinfo/TWSE -> data/fundamentals/taiex_fundamental.csv,scripts/experiments/walkforward_yearly_calibration.py::run_market(Model-Driven DCA)
2006-12-31,7823.68408203125,1.6812642297206914,11500.0,13153.680191754303,500.0,14.379827754385246,Yahoo Finance (^TWII) -> data/taiex_price.csv,Goodinfo/TWSE -> data/fundamentals/taiex_fundamental.csv,scripts/experiments/walkforward_yearly_calibration.py::run_market(Model-Driven DCA)
2007-01-31,7699.60498046875,1.772177984617944,12200.0,13645.070436641394,700.0,11.844839644601588,Yahoo Finance (^TWII) -> data/taiex_price.csv,Goodinfo/TWSE -> data/fundamentals/taiex_fundamental.csv,scripts/experiments/walkforward_yearly_calibration.py::run_market(Model-Driven DCA)
2007-02-28,7901.9228515625,1.8607640178087872,12900.0,14703.613713688508,700.0,13.981501656500065,Yahoo Finance (^TWII) -> data/taiex_price.csv,Goodinfo/TWSE -> data/fundamentals/taiex_fundamental.csv,scripts/experiments/walkforward_yearly_calibration.py::run_market(Model-Driven DCA)
2007-03-31,7884.373046875,1.9495472344118432,13600.0,15370.957668606436,700.0,13.021747563282615,Yahoo Finance (^TWII) -> data/taiex_price.csv,Goodinfo/TWSE -> data/fundamentals/taiex_fundamental.csv,scripts/experiments/walkforward_yearly_calibration.py::run_market(Model-Driven DCA)
2007-04-30,7875.38330078125,2.038431797012188,14300.0,16053.4317339713,700.0,12.261760377421677,Yahoo Finance (^TWII) -> data/taiex_price.csv,Goodinfo/TWSE -> data/fundamentals/taiex_fundamental.csv,scripts/experiments/walkforward_yearly_calibration.py::run_market(Model-Driven DCA)
2007-05-31,8144.91259765625,2.1243750151384853,15000.0,17302.848822947635,700.0,15.352325486317566,Yahoo Finance (^TWII) -> data/taiex_price.csv,Goodinfo/TWSE -> data/fundamentals/taiex_fundamental.csv,scripts/experiments/walkforward_yearly_calibration.py::run_market(Model-Driven DCA)
2007-06-30,8883.1689453125,2.203175722893726,15700.0,19571.182162675967,700.0,24.657211227235457,Yahoo Finance (^TWII) -> data/taiex_price.csv,Goodinfo/TWSE -> data/fundamentals/taiex_fundamental.csv,scripts/experiments/walkforward_yearly_calibration.py::run_market(Model-Driven DCA)
2007-07-31,9287.2080078125,2.2785482136801014,16400.0,21161.351216276704,700.0,29.032629367540874,Yahoo Finance (^TWII) -> data/taiex_price.csv,Goodinfo/TWSE -> data/fundamentals/taiex_fundamental.csv,scripts/experiments/walkforward_yearly_calibration.py::run_market(Model-Driven DCA)
2007-08-31,8982.119140625,2.3564808250205576,17100.0,21166.191522932942,700.0,23.778897794929488,Yahoo Finance (^TWII) -> data/taiex_price.csv,Goodinfo/TWSE -> data/fundamentals/taiex_fundamental.csv,scripts/experiments/walkforward_yearly_calibration.py::run_market(Model-Driven DCA)
2007-09-30,9411.908203125,2.430854691073308,17800.0,22878.98120751775,700.0,28.533602289425563,Yahoo Finance (^TWII) -> data/taiex_price.csv,Goodinfo/TWSE -> data/fundamentals/taiex_fundamental.csv,scripts/experiments/walkforward_yearly_calibration.py::run_market(Model-Driven DCA)
2007-10-31,9711.3251953125,2.5029354818945113,18500.0,24306.8204075638,700.0,31.388218419263776,Yahoo Finance (^TWII) -> data/taiex_price.csv,Goodinfo/TWSE -> data/fundamentals/taiex_fundamental.csv,scripts/experiments/walkforward_yearly_calibration.py::run_market(Model-Driven DCA)
2007-11-30,8586.3603515625,2.584460129281646,19200.0,22191.105984258014,700.0,15.578677001343824,Yahoo Finance (^TWII) -> data/taiex_price.csv,Goodinfo/TWSE -> data/fundamentals/taiex_fundamental.csv,scripts/experiments/walkforward_yearly_calibration.py::run_market(Model-Driven DCA)
2007-12-31,8506.240234375,2.734473805052178,20476.05236454579,23260.091100379337,1276.0523645457934,13.596559953392672,Yahoo Finance (^TWII) -> data/taiex_price.csv,Goodinfo/TWSE -> data/fundamentals/taiex_fundamental.csv,scripts/experiments/walkforward_yearly_calibration.py::run_market(Model-Driven DCA)
2008-01-31,7521.09521484375,2.9298009203439146,21945.126196695703,22035.31168244343,1469.0738321499111,0.4109590664432169,Yahoo Finance (^TWII) -> data/taiex_price.csv,Goodinfo/TWSE -> data/fundamentals/taiex_fundamental.csv,scripts/experiments/walkforward_yearly_calibration.py::run_market(Model-Driven DCA)
2008-02-29,8412.7197265625,3.108102355403479,23445.126196695703,26147.593997478216,1500.0,11.526778649472112,Yahoo Finance (^TWII) -> data/taiex_price.csv,Goodinfo/TWSE -> data/fundamentals/taiex_fundamental.csv,scripts/experiments/walkforward_yearly_calibration.py::run_market(Model-Driven DCA)
2008-03-31,8572.5498046875,3.2598735513093655,24746.1923325159,27945.428375583047,1301.066135820196,12.928195174751908,Yahoo Finance (^TWII) -> data/taiex_price.csv,Goodinfo/TWSE -> data/fundamentals/taiex_fundamental.csv,scripts/experiments/walkforward_yearly_calibration.py::run_market(Model-Driven DCA)
2008-04-30,8919.87890625,3.4280372691989633,26246.1923325159,30577.677327366688,1500.0,16.503289086564354,Yahoo Finance (^TWII) -> data/taiex_price.csv,Goodinfo/TWSE -> data/fundamentals/taiex_fundamental.csv,scripts/experiments/walkforward_yearly_calibration.py::run_market(Model-Driven DCA)
2008-05-31,8619.0400390625,3.6020705714230887,27746.1923325159,31046.39047862434,1500.0,11.89423797888448,Yahoo Finance (^TWII) -> data/taiex_price.csv,Goodinfo/TWSE -> data/fundamentals/taiex_fundamental.csv,scripts/experiments/walkforward_yearly_calibration.py::run_market(Model-Driven DCA)
2008-06-30,7523.50537109375,3.801445719843025,29246.1923325159,28600.19729116034,1500.0,-2.2088175924267,Yahoo Finance (^TWII) -> data/taiex_price.csv,Goodinfo/TWSE -> data/fundamentals/taiex_fundamental.csv,scripts/experiments/walkforward_yearly_calibration.py::run_market(Model-Driven DCA)
2008-07-31,7024.0283203125,4.014998389564218,30746.1923325159,28201.462394308142,1500.0,-8.276569373816598,Yahoo Finance (^TWII) -> data/taiex_price.csv,Goodinfo/TWSE -> data/fundamentals/taiex_fundamental.csv,scripts/experiments/walkforward_yearly_calibration.py::run_market(Model-Driven DCA)
2008-08-31,7046.078125,4.2278827733858915,32246.1923325159,29789.992324618663,1500.0,-7.617023376184773,Yahoo Finance (^TWII) -> data/taiex_price.csv,Goodinfo/TWSE -> data/fundamentals/taiex_fundamental.csv,scripts/experiments/walkforward_yearly_calibration.py::run_market(Model-Driven DCA)
2008-09-30,5719.25439453125,4.490154722931325,33746.1923325159,25680.337131250228,1500.0,-23.901526790902203,Yahoo Finance (^TWII) -> data/taiex_price.csv,Goodinfo/TWSE -> data/fundamentals/taiex_fundamental.csv,scripts/experiments/walkforward_yearly_calibration.py::run_market(Model-Driven DCA)
2008-10-31,4870.6376953125,4.798122610061094,35246.1923325159,23369.916851294765,1500.0,-33.695201368644966,Yahoo Finance (^TWII) -> data/taiex_price.csv,Goodinfo/TWSE -> data/fundamentals/taiex_fundamental.csv,scripts/experiments/walkforward_yearly_calibration.py::run_market(Model-Driven DCA)
2008-11-30,4460.4697265625,5.134410062269852,36746.1923325159,22901.880646512556,1500.0,-37.675499983035834,Yahoo Finance (^TWII) -> data/taiex_price.csv,Goodinfo/TWSE -> data/fundamentals/taiex_fundamental.csv,scripts/experiments/walkforward_yearly_calibration.py::run_market(Model-Driven DCA)
2008-12-31,4591.19921875,5.46112208859059,38246.1923325159,25073.09946663548,1500.0,-34.44288715423575,Yahoo Finance (^TWII) -> data/taiex_price.csv,Goodinfo/TWSE -> data/fundamentals/taiex_fundamental.csv,scripts/experiments/walkforward_yearly_calibration.py::run_market(Model-Driven DCA)
2009-01-31,4247.9501953125,5.814233573196791,39746.1923325159,24698.574642853804,1500.0,-37.85926854017615,Yahoo Finance (^TWII) -> data/taiex_price.csv,Goodinfo/TWSE -> data/fundamentals/taiex_fundamental.csv,scripts/experiments/walkforward_yearly_calibration.py::run_market(Model-Driven DCA)
2009-02-28,4557.12890625,6.143388185861529,41246.1923325159,27996.21188410432,1500.0,-32.124130008398694,Yahoo Finance (^TWII) -> data/taiex_price.csv,Goodinfo/TWSE -> data/fundamentals/taiex_fundamental.csv,scripts/experiments/walkforward_yearly_calibration.py::run_market(Model-Driven DCA)
2009-03-31,5210.81591796875,6.4312509742642945,42746.1923325159,33512.064949148415,1500.0,-21.6022220448003,Yahoo Finance (^TWII) -> data/taiex_price.csv,Goodinfo/TWSE -> data/fundamentals/taiex_fundamental.csv,scripts/experiments/walkforward_yearly_calibration.py::run_market(Model-Driven DCA)
2009-04-30,5992.5419921875,6.681562111333598,44246.1923325159,40039.54152557556,1500.0,-9.50737359573636,Yahoo Finance (^TWII) -> data/taiex_price.csv,Goodinfo/TWSE -> data/fundamentals/taiex_fundamental.csv,scripts/experiments/walkforward_yearly_calibration.py::run_market(Model-Driven DCA)
2009-05-31,6890.408203125,6.754126752681441,44746.1923325159,46538.69038162222,500.0,4.005923086786886,Yahoo Finance (^TWII) -> data/taiex_price.csv,Goodinfo/TWSE -> data/fundamentals/taiex_fundamental.csv,scripts/experiments/walkforward_yearly_calibration.py::run_market(Model-Driven DCA)
2009-06-30,6432.13037109375,6.831861495473195,45246.1923325159,43943.423816139104,500.0,-2.8792887295414906,Yahoo Finance (^TWII) -> data/taiex_price.csv,Goodinfo/TWSE -> data/fundamentals/taiex_fundamental.csv,scripts/experiments/walkforward_yearly_calibration.py::run_market(Model-Driven DCA)
2009-07-31,7077.677734375,6.9025061360975615,45746.1923325159,48853.71399084453,500.0,6.792962430055273,Yahoo Finance (^TWII) -> data/taiex_price.csv,Goodinfo/TWSE -> data/fundamentals/taiex_fundamental.csv,scripts/experiments/walkforward_yearly_calibration.py::run_market(Model-Driven DCA)
2009-08-31,6825.9189453125,6.9757563466561505,46246.1923325159,47615.94740452413,500.0,2.9618764333277836,Yahoo Finance (^TWII) -> data/taiex_price.csv,Goodinfo/TWSE -> data/fundamentals/taiex_fundamental.csv,scripts/experiments/walkforward_yearly_calibration.py::run_market(Model-Driven DCA)
2009-09-30,7509.1357421875,7.042341905522922,46746.1923325159,52881.901311467,500.0,13.12558022973606,Yahoo Finance (^TWII) -> data/taiex_price.csv,Goodinfo/TWSE -> data/fundamentals/taiex_fundamental.csv,scripts/experiments/walkforward_yearly_calibration.py::run_market(Model-Driven DCA)
2009-10-31,7340.04638671875,7.1104613660354214,47246.1923325159,52191.116257671565,500.0,10.466290892509566,Yahoo Finance (^TWII) -> data/taiex_price.csv,Goodinfo/TWSE -> data/fundamentals/taiex_fundamental.csv,scripts/experiments/walkforward_yearly_calibration.py::run_market(Model-Driven DCA)
2009-11-30,7582.1748046875,7.176405506454195,47746.1923325159,54412.76101925763,500.0,13.962513786050526,Yahoo Finance (^TWII) -> data/taiex_price.csv,Goodinfo/TWSE -> data/fundamentals/taiex_fundamental.csv,scripts/experiments/walkforward_yearly_calibration.py::run_market(Model-Driven DCA)
2009-12-31,8188.072265625,7.237469940643312,48246.1923325159,59260.92689427612,500.0,22.830267072364904,Yahoo Finance (^TWII) -> data/taiex_price.csv,Goodinfo/TWSE -> data/fundamentals/taiex_fundamental.csv,scripts/experiments/walkforward_yearly_calibration.py::run_market(Model-Driven DCA)
2010-01-31,7640.40478515625,7.302911499573724,48746.1923325159,55797.19996691569,500.0,14.464735186498757,Yahoo Finance (^TWII) -> data/taiex_price.csv,Goodinfo/TWSE -> data/fundamentals/taiex_fundamental.csv,scripts/experiments/walkforward_yearly_calibration.py::run_market(Model-Driven DCA)
2010-02-28,7436.06591796875,7.370151355367872,49246.1923325159,54804.93130392222,500.0,11.287652320149096,Yahoo Finance (^TWII) -> data/taiex_price.csv,Goodinfo/TWSE -> data/fundamentals/taiex_fundamental.csv,scripts/experiments/walkforward_yearly_calibration.py::run_market(Model-Driven DCA)
2010-03-31,7920.02294921875,7.433282485568615,49746.1923325159,58871.76787372922,500.0,18.34426940702458,Yahoo Finance (^TWII) -> data/taiex_price.csv,Goodinfo/TWSE -> data/fundamentals/taiex_fundamental.csv,scripts/experiments/walkforward_yearly_calibration.py::run_market(Model-Driven DCA)
2010-04-30,8004.21240234375,7.508535469651348,50348.53320102429,60099.91272962128,602.340868508394,19.367752958488584,Yahoo Finance (^TWII) -> data/taiex_price.csv,Goodinfo/TWSE -> data/fundamentals/taiex_fundamental.csv,scripts/experiments/walkforward_yearly_calibration.py::run_market(Model-Driven DCA)
2010-05-31,7373.94580078125,7.631504179540796,51255.29780294107,56274.29819836941,906.7646019167804,9.792159270490755,Yahoo Finance (^TWII) -> data/taiex_price.csv,Goodinfo/TWSE -> data/fundamentals/taiex_fundamental.csv,scripts/experiments/walkforward_yearly_calibration.py::run_market(Model-Driven DCA)
2010-06-30,7329.33642578125,7.786431804818758,52390.814490250625,57069.37825391976,1135.5166873095518,8.930122215488295,Yahoo Finance (^TWII) -> data/taiex_price.csv,Goodinfo/TWSE -> data/fundamentals/taiex_fundamental.csv,scripts/experiments/walkforward_yearly_calibration.py::run_market(Model-Driven DCA)
2010-07-31,7760.59423828125,7.935106577163919,53544.61907189026,61581.142382885955,1153.8045816396304,15.009021355078971,Yahoo Finance (^TWII) -> data/taiex_price.csv,Goodinfo/TWSE -> data/fundamentals/taiex_fundamental.csv,scripts/experiments/walkforward_yearly_calibration.py::run_market(Model-Driven DCA)
2010-08-31,7616.24462890625,8.070397618981962,54575.02874247606,61466.12251870916,1030.4096705858003,12.626825738837812,Yahoo Finance (^TWII) -> data/taiex_price.csv,Goodinfo/TWSE -> data/fundamentals/taiex_fundamental.csv,scripts/experiments/walkforward_yearly_calibration.py::run_market(Model-Driven DCA)
2010-09-30,8237.740234375,8.198547016296342,55630.690188743625,67537.50061955948,1055.6614462675657,21.40331243494996,Yahoo Finance (^TWII) -> data/taiex_price.csv,Goodinfo/TWSE -> data/fundamentals/taiex_fundamental.csv,scripts/experiments/walkforward_yearly_calibration.py::run_market(Model-Driven DCA)
2010-10-31,8287.0498046875,8.304830936935305,56511.47033251616,68822.54759389244,880.7801437725384,21.785094581573112,Yahoo Finance (^TWII) -> data/taiex_price.csv,Goodinfo/TWSE -> data/fundamentals/taiex_fundamental.csv,scripts/experiments/walkforward_yearly_calibration.py::run_market(Model-Driven DCA)
2010-11-30,8372.4404296875,8.416868400321793,57449.49732061281,70469.72928621333,938.0269880966532,22.663787453069457,Yahoo Finance (^TWII) -> data/taiex_price.csv,Goodinfo/TWSE -> data/fundamentals/taiex_fundamental.csv,scripts/experiments/walkforward_yearly_calibration.py::run_market(Model-Driven DCA)
2010-12-31,8972.458984375,8.520629505754789,58380.48958328379,76450.99876144026,930.992262670973,30.95299355511168,Yahoo Finance (^TWII) -> data/taiex_price.csv,Goodinfo/TWSE -> data/fundamentals/taiex_fundamental.csv,scripts/experiments/walkforward_yearly_calibration.py::run_market(Model-Driven DCA)
2011-01-31,9145.3076171875,8.603641483949271,59139.6596597836,78682.94799871164,759.1700764998114,33.045993925828995,Yahoo Finance (^TWII) -> data/taiex_price.csv,Goodinfo/TWSE -> data/fundamentals/taiex_fundamental.csv,scripts/experiments/walkforward_yearly_calibration.py::run_market(Model-Driven DCA)
2011-02-28,8599.6103515625,8.684509546700161,59835.09348932695,74683.39819604605,695.4338295433561,24.81537813485268,Yahoo Finance (^TWII) -> data/taiex_price.csv,Goodinfo/TWSE -> data/fundamentals/taiex_fundamental.csv,scripts/experiments/walkforward_yearly_calibration.py::run_market(Model-Driven DCA)
2011-03-31,8683.259765625,8.78331942461807,60693.085326697845,76267.84416841861,857.9918373708912,25.661504531999295,Yahoo Finance (^TWII) -> data/taiex_price.csv,Goodinfo/TWSE -> data/fundamentals/taiex_fundamental.csv,scripts/experiments/walkforward_yearly_calibration.py::run_market(Model-Driven DCA)
2011-04-30,9007.8291015625,8.886925022360657,61626.3468451283,80051.90183982429,933.2615184304534,29.898827267825588,Yahoo Finance (^TWII) -> data/taiex_price.csv,Goodinfo/TWSE -> data/fundamentals/taiex_fundamental.csv,scripts/experiments/walkforward_yearly_calibration.py::run_market(Model-Driven DCA)
2011-05-31,8988.798828125,8.989344179530347,62546.972045072755,80803.40642657467,920.6251999444568,29.18835842020605,Yahoo Finance (^TWII) -> data/taiex_price.csv,Goodinfo/TWSE -> data/fundamentals/taiex_fundamental.csv,scripts/experiments/walkforward_yearly_calibration.py::run_market(Model-Driven DCA)
2011-06-30,8652.5498046875,9.097790566888095,63485.30981282411,78719.08599261536,938.3377677513564,23.995749921840993,Yahoo Finance (^TWII) -> data/taiex_price.csv,Goodinfo/TWSE -> data/fundamentals/taiex_fundamental.csv,scripts/experiments/walkforward_yearly_calibration.py::run_market(Model-Driven DCA)
2011-07-31,8644.1396484375,9.217822005181429,64522.87832763449,79680.14066722845,1037.568514810379,23.491299105765805,Yahoo Finance (^TWII) -> data/taiex_price.csv,Goodinfo/TWSE -> data/fundamentals/taiex_fundamental.csv,scripts/experiments/walkforward_yearly_calibration.py::run_market(Model-Driven DCA)
2011-08-31,7741.32421875,9.35169749467273,65559.25189673051,72394.5223019337,1036.373569096019,10.426095794946178,Yahoo Finance (^TWII) -> data/taiex_price.csv,Goodinfo/TWSE -> data/fundamentals/taiex_fundamental.csv,scripts/experiments/walkforward_yearly_calibration.py::run_market(Model-Driven DCA)
2011-09-30,7225.3466796875,9.52021881444183,66776.87685498073,68786.88140082575,1217.624958250221,3.010030777884601,Yahoo Finance (^TWII) -> data/taiex_price.csv,Goodinfo/TWSE -> data/fundamentals/taiex_fundamental.csv,scripts/experiments/walkforward_yearly_calibration.py::run_market(Model-Driven DCA)
2011-10-31,7587.65478515625,9.70605689320732,68186.95204258994,73646.20903074332,1410.075187609217,8.006307401368378,Yahoo Finance (^TWII) -> data/taiex_price.csv,Goodinfo/TWSE -> data/fundamentals/taiex_fundamental.csv,scripts/experiments/walkforward_yearly_calibration.py::run_market(Model-Driven DCA)
2011-11-30,6904.08837890625,9.8949801498204,69491.29490307743,68315.81746188305,1304.3428604874882,-1.6915463193395233,Yahoo Finance (^TWII) -> data/taiex_price.csv,Goodinfo/TWSE -> data/fundamentals/taiex_fundamental.csv,scripts/experiments/walkforward_yearly_calibration.py::run_market(Model-Driven DCA)
2011-12-31,7072.04833984375,10.107082772415474,70991.29490307743,71477.77794132422,1500.0,0.6852713968817927,Yahoo Finance (^TWII) -> data/taiex_price.csv,Goodinfo/TWSE -> data/fundamentals/taiex_fundamental.csv,scripts/experiments/walkforward_yearly_calibration.py::run_market(Model-Driven DCA)
2012-01-31,7517.04541015625,10.297554345777309,72423.07836938225,77407.18363075986,1431.783466304812,6.881929591499807,Yahoo Finance (^TWII) -> data/taiex_price.csv,Goodinfo/TWSE -> data/fundamentals/taiex_fundamental.csv,scripts/experiments/walkforward_yearly_calibration.py::run_market(Model-Driven DCA)
2012-02-29,8121.40234375,10.454343423600328,73696.42555348853,84903.9291827951,1273.3471841062878,15.207662441066711,Yahoo Finance (^TWII) -> data/taiex_price.csv,Goodinfo/TWSE -> data/fundamentals/taiex_fundamental.csv,scripts/experiments/walkforward_yearly_calibration.py::run_market(Model-Driven DCA)
2012-03-31,7932.962890625,10.58965369406503,74769.83690780544,84007.32977958783,1073.4113543169074,12.354571380398536,Yahoo Finance (^TWII) -> data/taiex_price.csv,Goodinfo/TWSE -> data/fundamentals/taiex_fundamental.csv,scripts/experiments/walkforward_yearly_calibration.py::run_market(Model-Driven DCA)
2012-04-30,7501.68603515625,10.72438295249635,75780.53350430663,80450.95383040962,1010.696596501198,6.163087154615465,Yahoo Finance (^TWII) -> data/taiex_price.csv,Goodinfo/TWSE -> data/fundamentals/taiex_fundamental.csv,scripts/experiments/walkforward_yearly_calibration.py::run_market(Model-Driven DCA)
2012-05-31,7301.46630859375,10.877481175862195,76898.37502411791,79421.56232792055,1117.8415198112712,3.2811971683553556,Yahoo Finance (^TWII) -> data/taiex_price.csv,Goodinfo/TWSE -> data/fundamentals/taiex_fundamental.csv,scripts/experiments/walkforward_yearly_calibration.py::run_market(Model-Driven DCA)
2012-06-30,7296.24609375,11.03895679471344,78076.54087739714,80542.94539250295,1178.1658532792426,3.1589572071062686,Yahoo Finance (^TWII) -> data/taiex_price.csv,Goodinfo/TWSE -> data/fundamentals/taiex_fundamental.csv,scripts/experiments/walkforward_yearly_calibration.py::run_market(Model-Driven DCA)
2012-07-31,7270.45654296875,11.200293868535848,79249.53506139271,81431.24983966922,1172.99418399557,2.7529685525427845,Yahoo Finance (^TWII) -> data/taiex_price.csv,Goodinfo/TWSE -> data/fundamentals/taiex_fundamental.csv,scripts/experiments/walkforward_yearly_calibration.py::run_market(Model-Driven DCA)
2012-08-31,7397.02587890625,11.359154578640585,80424.63184517887,84023.96038070081,1175.0967837861524,4.475405672295541,Yahoo Finance (^TWII) -> data/taiex_price.csv,Goodinfo/TWSE -> data/fundamentals/taiex_fundamental.csv,scripts/experiments/walkforward_yearly_calibration.py::run_market(Model-Driven DCA)
2012-09-30,7715.125,11.496024917812054,81480.60362067916,88693.26924403473,1055.9717755002914,8.852003179717546,Yahoo Finance (^TWII) -> data/taiex_price.csv,Goodinfo/TWSE -> data/fundamentals/taiex_fundamental.csv,scripts/experiments/walkforward_yearly_calibration.py::run_market(Model-Driven DCA)
2012-10-31,7166.01708984375,11.627878065949858,82425.46553358437,83325.57293921597,944.8619129052042,1.0920258682249713,Yahoo Finance (^TWII) -> data/taiex_price.csv,Goodinfo/TWSE -> data/fundamentals/taiex_fundamental.csv,scripts/experiments/walkforward_yearly_calibration.py::run_market(Model-Driven DCA)
2012-11-30,7580.134765625,11.783318741149786,83603.72679965958,89319.14404423011,1178.2612660752034,6.836318742424538,Yahoo Finance (^TWII) -> data/taiex_price.csv,Goodinfo/TWSE -> data/fundamentals/taiex_fundamental.csv,scripts/experiments/walkforward_yearly_calibration.py::run_market(Model-Driven DCA)
2012-12-31,7699.46484375,11.920234568262858,84657.90539706963,91779.42698759334,1054.178597410047,8.412116455187208,Yahoo Finance (^TWII) -> data/taiex_price.csv,Goodinfo/TWSE -> data/fundamentals/taiex_fundamental.csv,scripts/experiments/walkforward_yearly_calibration.py::run_market(Model-Driven DCA)
2013-01-31,7849.98388671875,12.048731022594142,85666.6004930707,94582.34438277234,1008.695096001075,10.407491179042182,Yahoo Finance (^TWII) -> data/taiex_price.csv,Goodinfo/TWSE -> data/fundamentals/taiex_fundamental.csv,scripts/experiments/walkforward_yearly_calibration.py::run_market(Model-Driven DCA)
2013-02-28,7897.94287109375,12.170553395609872,86628.74663557002,96122.33542812282,962.146142499316,10.958935874358723,Yahoo Finance (^TWII) -> data/taiex_price.csv,Goodinfo/TWSE -> data/fundamentals/taiex_fundamental.csv,scripts/experiments/walkforward_yearly_calibration.py::run_market(Model-Driven DCA)
2013-03-31,7918.57275390625,12.290745460175204,87580.49624327279,97325.1621261403,951.7496077027796,11.12652508362102,Yahoo Finance (^TWII) -> data/taiex_price.csv,Goodinfo/TWSE -> data/fundamentals/taiex_fundamental.csv,scripts/experiments/walkforward_yearly_calibration.py::run_market(Model-Driven DCA)
2013-04-30,8093.62255859375,12.409491348193711,88541.58064127964,100437.7391164146,961.0843980068508,13.435674390466845,Yahoo Finance (^TWII) -> data/taiex_price.csv,Goodinfo/TWSE -> data/fundamentals/taiex_fundamental.csv,scripts/experiments/walkforward_yearly_calibration.py::run_market(Model-Driven DCA)
2013-05-31,8254.759765625,12.517782095452135,89435.49474473792,103331.28399639927,893.9141034582927,15.537219636702385,Yahoo Finance (^TWII) -> data/taiex_price.csv,Goodinfo/TWSE -> data/fundamentals/taiex_fundamental.csv,scripts/experiments/walkforward_yearly_calibration.py::run_market(Model-Driven DCA)
2013-06-30,8062.17236328125,12.625927107459134,90307.37847176746,101792.4005865606,871.8837270295384,12.717700711889975,Yahoo Finance (^TWII) -> data/taiex_price.csv,Goodinfo/TWSE -> data/fundamentals/taiex_fundamental.csv,scripts/experiments/walkforward_yearly_calibration.py::run_market(Model-Driven DCA)
2013-07-31,8107.90234375,12.740913081368472,91239.67351912535,103302.07903394249,932.295047357892,13.220570667965676,Yahoo Finance (^TWII) -> data/taiex_price.csv,Goodinfo/TWSE -> data/fundamentals/taiex_fundamental.csv,scripts/experiments/walkforward_yearly_calibration.py::run_market(Model-Driven DCA)
2013-08-31,8021.8525390625,12.85530806401012,92157.33320108526,103123.3856337102,917.659681959912,11.899272745552716,Yahoo Finance (^TWII) -> data/taiex_price.csv,Goodinfo/TWSE -> data/fundamentals/taiex_fundamental.csv,scripts/experiments/walkforward_yearly_calibration.py::run_market(Model-Driven DCA)
2013-09-30,8173.83251953125,12.9689007219998,93085.82056294131,106005.62246405428,928.4873618560524,13.879452125984168,Yahoo Finance (^TWII) -> data/taiex_price.csv,Goodinfo/TWSE -> data/fundamentals/taiex_fundamental.csv,scripts/experiments/walkforward_yearly_calibration.py::run_market(Model-Driven DCA)
2013-10-31,8450.01953125,13.07401622721347,93974.04863503404,110475.69247183326,888.2280720927258,17.559788129259466,Yahoo Finance (^TWII) -> data/taiex_price.csv,Goodinfo/TWSE -> data/fundamentals/taiex_fundamental.csv,scripts/experiments/walkforward_yearly_calibration.py::run_market(Model-Driven DCA)
2013-11-30,8406.7900390625,13.168000421816036,94764.1540260482,110700.61478049388,790.1053910141761,16.816971478545742,Yahoo Finance (^TWII) -> data/taiex_price.csv,Goodinfo/TWSE -> data/fundamentals/taiex_fundamental.csv,scripts/experiments/walkforward_yearly_calibration.py::run_market(Model-Driven DCA)
2013-12-31,8611.4697265625,13.269324371136795,95636.70214819966,114268.3851139825,872.5481221514555,19.481728820919585,Yahoo Finance (^TWII) -> data/taiex_price.csv,Goodinfo/TWSE -> data/fundamentals/taiex_fundamental.csv,scripts/experiments/walkforward_yearly_calibration.py::run_market(Model-Driven DCA)
2014-01-31,8462.5302734375,13.365391070496187,96449.66949979776,113105.02655040522,812.9673515980772,17.268443880611102,Yahoo Finance (^TWII) -> data/taiex_price.csv,Goodinfo/TWSE -> data/fundamentals/taiex_fundamental.csv,scripts/experiments/walkforward_yearly_calibration.py::run_market(Model-Driven DCA)
2014-02-28,8639.5400390625,13.464205376573132,97303.37965358168,116324.54144506415,853.7101537839309,19.548305371510615,Yahoo Finance (^TWII) -> data/taiex_price.csv,Goodinfo/TWSE -> data/fundamentals/taiex_fundamental.csv,scripts/experiments/walkforward_yearly_calibration.py::run_market(Model-Driven DCA)
2014-03-31,8849.240234375,13.554482309356583,98102.26191940496,119946.87020808244,798.8822658232798,22.26718106318866,Yahoo Finance (^TWII) -> data/taiex_price.csv,Goodinfo/TWSE -> data/fundamentals/taiex_fundamental.csv,scripts/experiments/walkforward_yearly_calibration.py::run_market(Model-Driven DCA)
2014-04-30,8791.400390625,13.654486064172566,98981.43496855815,120042.05411835032,879.1730491532054,21.277342722382393,Yahoo Finance (^TWII) -> data/taiex_price.csv,Goodinfo/TWSE -> data/fundamentals/taiex_fundamental.csv,scripts/experiments/walkforward_yearly_calibration.py::run_market(Model-Driven DCA)
2014-05-31,9075.8681640625,13.755346922556464,99896.83482216462,124841.71522006528,915.3998536064412,24.970641404512264,Yahoo Finance (^TWII) -> data/taiex_price.csv,Goodinfo/TWSE -> data/fundamentals/taiex_fundamental.csv,scripts/experiments/walkforward_yearly_calibration.py::run_market(Model-Driven DCA)
2014-06-30,9393.0283203125,13.855996458317108,100842.23876199064,130149.7671391223,945.4039398260356,29.06275062605832,Yahoo Finance (^TWII) -> data/taiex_price.csv,Goodinfo/TWSE -> data/fundamentals/taiex_fundamental.csv,scripts/experiments/walkforward_yearly_calibration.py::run_market(Model-Driven DCA)
2014-07-31,9315.8076171875,13.947243199256906,101692.27584628116,129929.83443440404,850.0370842905044,27.76765329827704,Yahoo Finance (^TWII) -> data/taiex_price.csv,Goodinfo/TWSE -> data/fundamentals/taiex_fundamental.csv,scripts/experiments/walkforward_yearly_calibration.py::run_market(Model-Driven DCA)
2014-08-31,9436.2275390625,14.039488841658828,102562.72671747267,132479.8112420217,870.4508711915046,29.16954870648182,Yahoo Finance (^TWII) -> data/taiex_price.csv,Goodinfo/TWSE -> data/fundamentals/taiex_fundamental.csv,scripts/experiments/walkforward_yearly_calibration.py::run_market(Model-Driven DCA)
2014-09-30,8966.87890625,14.131934070078254,103391.6718861703,126719.3415175004,828.9451686976266,22.56242616621274,Yahoo Finance (^TWII) -> data/taiex_price.csv,Goodinfo/TWSE -> data/fundamentals/taiex_fundamental.csv,scripts/experiments/walkforward_yearly_calibration.py::run_market(Model-Driven DCA)
2014-10-31,8974.71875,14.238909536359737,104351.74660919672,127790.20839552152,960.0747230264176,22.461015314006367,Yahoo Finance (^TWII) -> data/taiex_price.csv,Goodinfo/TWSE -> data/fundamentals/taiex_fundamental.csv,scripts/experiments/walkforward_yearly_calibration.py::run_market(Model-Driven DCA)
2014-11-30,9187.1083984375,14.342126254438671,105300.00978671887,131762.6685636045,948.263177522157,25.13072774682996,Yahoo Finance (^TWII) -> data/taiex_price.csv,Goodinfo/TWSE -> data/fundamentals/taiex_fundamental.csv,scripts/experiments/walkforward_yearly_calibration.py::run_market(Model-Driven DCA)
2014-12-31,9307.2177734375,14.446030529909953,106267.06950612132,134452.35210359865,967.0597194024398,26.52306375669254,Yahoo Finance (^TWII) -> data/taiex_price.csv,Goodinfo/TWSE -> data/fundamentals/taiex_fundamental.csv,scripts/experiments/walkforward_yearly_calibration.py::run_market(Model-Driven DCA)
2015-01-31,9361.8681640625,14.54567558381934,107199.93336402193,136174.69717293952,932.863857900594,27.02871438410987,Yahoo Finance (^TWII) -> data/taiex_price.csv,Goodinfo/TWSE -> data/fundamentals/taiex_fundamental.csv,scripts/experiments/walkforward_yearly_calibration.py::run_market(Model-Driven DCA)
2015-02-28,9622.0556640625,14.639829686465138,108105.88938067964,140865.2561555622,905.9560166577122,30.303036182908667,Yahoo Finance (^TWII) -> data/taiex_price.csv,Goodinfo/TWSE -> data/fundamentals/taiex_fundamental.csv,scripts/experiments/walkforward_yearly_calibration.py::run_market(Model-Driven DCA)
2015-03-31,9586.396484375,14.731755873985463,108987.13026154648,141224.45271904502,881.240880866855,29.579017614406084,Yahoo Finance (^TWII) -> data/taiex_price.csv,Goodinfo/TWSE -> data/fundamentals/taiex_fundamental.csv,scripts/experiments/walkforward_yearly_calibration.py::run_market(Model-Driven DCA)
2015-04-30,9820.0048828125,14.832391234348217,109975.3699916923,145654.15434508483,988.2397301458238,32.442522681294676,Yahoo Finance (^TWII) -> data/taiex_price.csv,Goodinfo/TWSE -> data/fundamentals/taiex_fundamental.csv,scripts/experiments/walkforward_yearly_calibration.py::run_market(Model-Driven DCA)
2015-05-31,9701.025390625,14.931237151083645,110934.27673970228,144848.3107161057,958.9067480099828,30.57128506456105,Yahoo Finance (^TWII) -> data/taiex_price.csv,Goodinfo/TWSE -> data/fundamentals/taiex_fundamental.csv,scripts/experiments/walkforward_yearly_calibration.py::run_market(Model-Driven DCA)
2015-06-30,9322.9775390625,15.045098561429192,111995.8041109198,140265.1159611859,1061.527371217516,25.241402635288356,Yahoo Finance (^TWII) -> data/taiex_price.csv,Goodinfo/TWSE -> data/fundamentals/taiex_fundamental.csv,scripts/experiments/walkforward_yearly_calibration.py::run_market(Model-Driven DCA)
2015-07-31,8665.2998046875,15.179853934722022,113163.49982079474,131537.98533573153,1167.695709874948,16.237113154006863,Yahoo Finance (^TWII) -> data/taiex_price.csv,Goodinfo/TWSE -> data/fundamentals/taiex_fundamental.csv,scripts/experiments/walkforward_yearly_calibration.py::run_market(Model-Driven DCA)
2015-08-31,8174.88232421875,15.346613741736128,114526.74161954448,125456.76141393124,1363.241798749741,9.543639886914846,Yahoo Finance (^TWII) -> data/taiex_price.csv,Goodinfo/TWSE -> data/fundamentals/taiex_fundamental.csv,scripts/experiments/walkforward_yearly_calibration.py::run_market(Model-Driven DCA)
2015-09-30,8181.20263671875,15.523315103795252,115972.3712687344,126999.38645778572,1445.6296491899172,9.50831225438964,Yahoo Finance (^TWII) -> data/taiex_price.csv,Goodinfo/TWSE -> data/fundamentals/taiex_fundamental.csv,scripts/experiments/walkforward_yearly_calibration.py::run_market(Model-Driven DCA)
2015-10-31,8554.26953125,15.690967264077967,117406.51303528908,134224.76318294334,1434.1417665546762,14.324801676546823,Yahoo Finance (^TWII) -> data/taiex_price.csv,Goodinfo/TWSE -> data/fundamentals/taiex_fundamental.csv,scripts/experiments/walkforward_yearly_calibration.py::run_market(Model-Driven DCA)
2015-11-30,8320.5703125,15.84832271261265,118715.80010887684,131867.0834654843,1309.287073587784,11.077955372870441,Yahoo Finance (^TWII) -> data/taiex_price.csv,Goodinfo/TWSE -> data/fundamentals/taiex_fundamental.csv,scripts/experiments/walkforward_yearly_calibration.py::run_market(Model-Driven DCA)
2015-12-31,8338.01953125,16.018476293116994,120134.5439864342,133562.3681928746,1418.7438775573503,11.177321493771752,Yahoo Finance (^TWII) -> data/taiex_price.csv,Goodinfo/TWSE -> data/fundamentals/taiex_fundamental.csv,scripts/experiments/walkforward_yearly_calibration.py::run_market(Model-Driven DCA)
2016-01-31,8080.5625,16.19338607633007,121547.91342154892,130851.66827641492,1413.369435114715,7.654392899859158,Yahoo Finance (^TWII) -> data/taiex_price.csv,Goodinfo/TWSE -> data/fundamentals/taiex_fundamental.csv,scripts/experiments/walkforward_yearly_calibration.py::run_market(Model-Driven DCA)
2016-02-29,8411.1201171875,16.369368385920357,123028.12176601288,137684.7237364678,1480.2083444639618,11.913212816765837,Yahoo Finance (^TWII) -> data/taiex_price.csv,Goodinfo/TWSE -> data/fundamentals/taiex_fundamental.csv,scripts/experiments/walkforward_yearly_calibration.py::run_market(Model-Driven DCA)
2016-03-31,8744.802734375,16.530422033505328,124436.504143795,144555.27979897015,1408.3823777821265,16.16790490347311,Yahoo Finance (^TWII) -> data/taiex_price.csv,Goodinfo/TWSE -> data/fundamentals/taiex_fundamental.csv,scripts/experiments/walkforward_yearly_calibration.py::run_market(Model-Driven DCA)
2016-04-30,8377.873046875,16.69197486189034,125789.9732303682,139843.24629454614,1353.469086573218,11.17201371721511,Yahoo Finance (^TWII) -> data/taiex_price.csv,Goodinfo/TWSE -> data/fundamentals/taiex_fundamental.csv,scripts/experiments/walkforward_yearly_calibration.py::run_market(Model-Driven DCA)
2016-05-31,8535.5625,16.8645099423135,127262.65719276264,143948.07864448827,1472.68396239442,13.11101136797144,Yahoo Finance (^TWII) -> data/taiex_price.csv,Goodinfo/TWSE -> data/fundamentals/taiex_fundamental.csv,scripts/experiments/walkforward_yearly_calibration.py::run_market(Model-Driven DCA)
2016-06-30,8666.552734375,17.029199455656094,128689.9475449448,147584.4551066336,1427.2903521821531,14.68219384819465,Yahoo Finance (^TWII) -> data/taiex_price.csv,Goodinfo/TWSE -> data/fundamentals/taiex_fundamental.csv,scripts/experiments/walkforward_yearly_calibration.py::run_market(Model-Driven DCA)
2016-07-31,8984.388671875,17.18179039105878,130060.8838164075,154367.8829519592,1370.9362714627064,18.68893892022386,Yahoo Finance (^TWII) -> data/taiex_price.csv,Goodinfo/TWSE -> data/fundamentals/taiex_fundamental.csv,scripts/experiments/walkforward_yearly_calibration.py::run_market(Model-Driven DCA)
2016-08-31,9068.828125,17.32123720311329,131325.50298750904,157083.32310739017,1264.6191711015404,19.61372279863346,Yahoo Finance (^TWII) -> data/taiex_price.csv,Goodinfo/TWSE -> data/fundamentals/taiex_fundamental.csv,scripts/experiments/walkforward_yearly_calibration.py::run_market(Model-Driven DCA)
2016-09-30,9166.8291015625,17.44719572818332,132480.14326071087,159935.4615417678,1154.6402732018444,20.724100688075918,Yahoo Finance (^TWII) -> data/taiex_price.csv,Goodinfo/TWSE -> data/fundamentals/taiex_fundamental.csv,scripts/experiments/walkforward_yearly_calibration.py::run_market(Model-Driven DCA)
2016-10-31,9290.099609375,17.568500388656837,133607.07563959126,163213.11859796543,1126.932378880379,22.15903822207536,Yahoo Finance (^TWII) -> data/taiex_price.csv,Goodinfo/TWSE -> data/fundamentals/taiex_fundamental.csv,scripts/experiments/walkforward_yearly_calibration.py::run_market(Model-Driven DCA)
2016-11-30,9240.689453125,17.686625002078415,134698.62850899048,163436.60911808294,1091.5528693992308,21.33502094802274,Yahoo Finance (^TWII) -> data/taiex_price.csv,Goodinfo/TWSE -> data/fundamentals/taiex_fundamental.csv,scripts/experiments/walkforward_yearly_calibration.py::run_market(Model-Driven DCA)
2016-12-31,9253.4853515625,17.811611235394164,135855.18678812473,164819.48365444594,1156.5582791342522,21.319978685460843,Yahoo Finance (^TWII) -> data/taiex_price.csv,Goodinfo/TWSE -> data/fundamentals/taiex_fundamental.csv,scripts/experiments/walkforward_yearly_calibration.py::run_market(Model-Driven DCA)
2017-01-31,9447.943359375,17.935244758626613,137023.26931294487,169451.1766160316,1168.0825248201563,23.66598568672685,Yahoo Finance (^TWII) -> data/taiex_price.csv,Goodinfo/TWSE -> data/fundamentals/taiex_fundamental.csv,scripts/experiments/walkforward_yearly_calibration.py::run_market(Model-Driven DCA)
2017-02-28,9750.462890625,18.047971367206397,138122.40592668805,175976.07506700853,1099.1366137431871,27.405886022874714,Yahoo Finance (^TWII) -> data/taiex_price.csv,Goodinfo/TWSE -> data/fundamentals/taiex_fundamental.csv,scripts/experiments/walkforward_yearly_calibration.py::run_market(Model-Driven DCA)
2017-03-31,9811.5126953125,18.15421951159507,139164.8609442109,178120.3552115049,1042.455017522852,27.992335136173978,Yahoo Finance (^TWII) -> data/taiex_price.csv,Goodinfo/TWSE -> data/fundamentals/taiex_fundamental.csv,scripts/experiments/walkforward_yearly_calibration.py::run_market(Model-Driven DCA)
2017-04-30,9871.9931640625,18.267149320100927,140279.7032417996,180333.1732149453,1114.8422975887104,28.552576778770106,Yahoo Finance (^TWII) -> data/taiex_price.csv,Goodinfo/TWSE -> data/fundamentals/taiex_fundamental.csv,scripts/experiments/walkforward_yearly_calibration.py::run_market(Model-Driven DCA)
2017-05-31,10040.712890625,18.376244875931366,141375.10039553622,184510.59880704567,1095.3971537366024,30.511383044698725,Yahoo Finance (^TWII) -> data/taiex_price.csv,Goodinfo/TWSE -> data/fundamentals/taiex_fundamental.csv,scripts/experiments/walkforward_yearly_calibration.py::run_market(Model-Driven DCA)
2017-06-30,10395.0703125,18.47932705819188,142446.64692810018,192093.90409758835,1071.546532563958,34.85322978121597,Yahoo Finance (^TWII) -> data/taiex_price.csv,Goodinfo/TWSE -> data/fundamentals/taiex_fundamental.csv,scripts/experiments/walkforward_yearly_calibration.py::run_market(Model-Driven DCA)
2017-07-31,10427.330078125,18.572119792026182,143414.22739264206,193657.62332193524,967.58046454188,35.033759789909766,Yahoo Finance (^TWII) -> data/taiex_price.csv,Goodinfo/TWSE -> data/fundamentals/taiex_fundamental.csv,scripts/experiments/walkforward_yearly_calibration.py::run_market(Model-Driven DCA)
2017-08-31,10585.7802734375,18.662005661693332,144365.73945862535,197551.8913963322,951.5120659832756,36.84125619912043,Yahoo Finance (^TWII) -> data/taiex_price.csv,Goodinfo/TWSE -> data/fundamentals/taiex_fundamental.csv,scripts/experiments/walkforward_yearly_calibration.py::run_market(Model-Driven DCA)
2017-09-30,10329.9404296875,18.745342459775006,145226.60361840995,193638.27094356756,860.8641597846101,33.33526097763854,Yahoo Finance (^TWII) -> data/taiex_price.csv,Goodinfo/TWSE -> data/fundamentals/taiex_fundamental.csv,scripts/experiments/walkforward_yearly_calibration.py::run_market(Model-Driven DCA)
2017-10-31,10793.7998046875,18.83047295451459,146145.48513590306,203252.35529861288,918.8815174931012,39.075357072854636,Yahoo Finance (^TWII) -> data/taiex_price.csv,Goodinfo/TWSE -> data/fundamentals/taiex_fundamental.csv,scripts/experiments/walkforward_yearly_calibration.py::run_market(Model-Driven DCA)
2017-11-30,10560.4404296875,18.904165697424183,146923.71295750004,199636.31572058995,778.2278215969919,35.87753242959347,Yahoo Finance (^TWII) -> data/taiex_price.csv,Goodinfo/TWSE -> data/fundamentals/taiex_fundamental.csv,scripts/experiments/walkforward_yearly_calibration.py::run_market(Model-Driven DCA)
2017-12-31,10642.8603515625,18.99303206453049,147869.50529256315,202140.1879155468,945.792335063097,36.70174084616559,Yahoo Finance (^TWII) -> data/taiex_price.csv,Goodinfo/TWSE -> data/fundamentals/taiex_fundamental.csv,scripts/experiments/walkforward_yearly_calibration.py::run_market(Model-Driven DCA)
2018-01-31,11103.7900390625,19.076248244825727,148793.52028641422,211818.6552435794,924.0149938510792,42.357445966630415,Yahoo Finance (^TWII) -> data/taiex_price.csv,Goodinfo/TWSE -> data/fundamentals/taiex_fundamental.csv,scripts/experiments/walkforward_yearly_calibration.py::run_market(Model-Driven DCA)
2018-02-28,10815.4697265625,19.14895791233573,149579.9094941971,207104.97459608657,786.3892077828875,38.45774830083121,Yahoo Finance (^TWII) -> data/taiex_price.csv,Goodinfo/TWSE -> data/fundamentals/taiex_fundamental.csv,scripts/experiments/walkforward_yearly_calibration.py::run_market(Model-Driven DCA)
2018-03-31,10906.2197265625,19.233394808375856,150500.7968354396,209763.62986787353,920.8873412424996,39.377089210519614,Yahoo Finance (^TWII) -> data/taiex_price.csv,Goodinfo/TWSE -> data/fundamentals/taiex_fundamental.csv,scripts/experiments/walkforward_yearly_calibration.py::run_market(Model-Driven DCA)
2018-04-30,10657.8798828125,19.327937834743643,151508.42505422505,205994.83982516488,1007.6282187854532,35.962630296921816,Yahoo Finance (^TWII) -> data/taiex_price.csv,Goodinfo/TWSE -> data/fundamentals/taiex_fundamental.csv,scripts/experiments/walkforward_yearly_calibration.py::run_market(Model-Driven DCA)
2018-05-31,10874.9599609375,19.426421051811207,152579.42609665912,211261.55112276023,1071.0010424340674,38.46005095662501,Yahoo Finance (^TWII) -> data/taiex_price.csv,Goodinfo/TWSE -> data/fundamentals/taiex_fundamental.csv,scripts/experiments/walkforward_yearly_calibration.py::run_market(Model-Driven DCA)
2018-06-30,10836.91015625,19.52619589340455,153660.67709086026,211603.6305901628,1081.2509942011377,37.708380957504566,Yahoo Finance (^TWII) -> data/taiex_price.csv,Goodinfo/TWSE -> data/fundamentals/taiex_fundamental.csv,scripts/experiments/walkforward_yearly_calibration.py::run_market(Model-Driven DCA)
2018-07-31,11057.509765625,19.623998298498936,154742.12814029303,216992.55282626036,1081.4510494327562,40.228492029998165,Yahoo Finance (^TWII) -> data/taiex_price.csv,Goodinfo/TWSE -> data/fundamentals/taiex_fundamental.csv,scripts/experiments/walkforward_yearly_calibration.py::run_market(Model-Driven DCA)
2018-08-31,11063.9404296875,19.715643537257968,155756.08560258744,218132.7056291755,1013.9574622944044,40.047629461966814,Yahoo Finance (^TWII) -> data/taiex_price.csv,Goodinfo/TWSE -> data/fundamentals/taiex_fundamental.csv,scripts/experiments/walkforward_yearly_calibration.py::run_market(Model-Driven DCA)
2018-09-30,11006.33984375,19.805242207195555,156742.23901346853,217983.22642017563,986.1534108810856,39.071144952475,Yahoo Finance (^TWII) -> data/taiex_price.csv,Goodinfo/TWSE -> data/fundamentals/taiex_fundamental.csv,scripts/experiments/walkforward_yearly_calibration.py::run_market(Model-Driven DCA)
2018-10-31,9802.1298828125,19.907770100216403,157747.23073746997,195138.5481994924,1004.991724001448,23.703311485861025,Yahoo Finance (^TWII) -> data/taiex_price.csv,Goodinfo/TWSE -> data/fundamentals/taiex_fundamental.csv,scripts/experiments/walkforward_yearly_calibration.py::run_market(Model-Driven DCA)
2018-11-30,9888.0302734375,20.040835317045424,159062.98362981685,198164.38631992057,1315.7528923468765,24.582339522250756,Yahoo Finance (^TWII) -> data/taiex_price.csv,Goodinfo/TWSE -> data/fundamentals/taiex_fundamental.csv,scripts/experiments/walkforward_yearly_calibration.py::run_market(Model-Driven DCA)
2018-12-31,9727.41015625,20.178568737885428,160402.77310655094,196285.21447949545,1339.78947673409,22.370212607925946,Yahoo Finance (^TWII) -> data/taiex_price.csv,Goodinfo/TWSE -> data/fundamentals/taiex_fundamental.csv,scripts/experiments/walkforward_yearly_calibration.py::run_market(Model-Driven DCA)
2019-01-31,9932.259765625,20.323276132349303,161840.04453837292,201856.05783501983,1437.2714318219691,24.725656379289337,Yahoo Finance (^TWII) -> data/taiex_price.csv,Goodinfo/TWSE -> data/fundamentals/taiex_fundamental.csv,scripts/experiments/walkforward_yearly_calibration.py::run_market(Model-Driven DCA)
2019-02-28,10389.169921875,20.45546267334443,163213.3529741562,212515.27754394675,1373.3084357832972,30.20704107316341,Yahoo Finance (^TWII) -> data/taiex_price.csv,Goodinfo/TWSE -> data/fundamentals/taiex_fundamental.csv,scripts/experiments/walkforward_yearly_calibration.py::run_market(Model-Driven DCA)
2019-03-31,10641.0400390625,20.572319964030136,164456.83608319916,218910.8804336495,1243.4831090429598,33.11145078998229,Yahoo Finance (^TWII) -> data/taiex_price.csv,Goodinfo/TWSE -> data/fundamentals/taiex_fundamental.csv,scripts/experiments/walkforward_yearly_calibration.py::run_market(Model-Driven DCA)
2019-04-30,10967.73046875,20.676808475823577,165602.8379176304,226777.6623167985,1146.001834431224,36.94068602229873,Yahoo Finance (^TWII) -> data/taiex_price.csv,Goodinfo/TWSE -> data/fundamentals/taiex_fundamental.csv,scripts/experiments/walkforward_yearly_calibration.py::run_market(Model-Driven DCA)
2019-05-31,10498.490234375,20.777148908197237,166656.26096701826,218128.69491086388,1053.4230493878742,30.88538867077557,Yahoo Finance (^TWII) -> data/taiex_price.csv,Goodinfo/TWSE -> data/fundamentals/taiex_fundamental.csv,scripts/experiments/walkforward_yearly_calibration.py::run_market(Model-Driven DCA)
2019-06-30,10730.830078125,20.89660140037564,167938.08536299324,224237.87883773993,1281.824395974994,33.5241367990211,Yahoo Finance (^TWII) -> data/taiex_price.csv,Goodinfo/TWSE -> data/fundamentals/taiex_fundamental.csv,scripts/experiments/walkforward_yearly_calibration.py::run_market(Model-Driven DCA)
2019-07-31,10823.8095703125,21.00671847356111,169129.97159359293,227372.72045499115,1191.8862305996822,34.43668104039616,Yahoo Finance (^TWII) -> data/taiex_price.csv,Goodinfo/TWSE -> data/fundamentals/taiex_fundamental.csv,scripts/experiments/walkforward_yearly_calibration.py::run_market(Model-Driven DCA)
2019-08-31,10618.0498046875,21.11566097407149,170286.7284898593,224207.13988158724,1156.756896266366,31.664482528912373,Yahoo Finance (^TWII) -> data/taiex_price.csv,Goodinfo/TWSE -> data/fundamentals/taiex_fundamental.csv,scripts/experiments/walkforward_yearly_calibration.py::run_market(Model-Driven DCA)
2019-09-30,10829.6796875,21.22122430161844,171429.9455139394,229819.06176311857,1143.217024080093,34.06004480380087,Yahoo Finance (^TWII) -> data/taiex_price.csv,Goodinfo/TWSE -> data/fundamentals/taiex_fundamental.csv,scripts/experiments/walkforward_yearly_calibration.py::run_market(Model-Driven DCA)
2019-10-31,11358.7099609375,21.31542004976771,172499.88769672049,242115.67404086335,1069.9421827810986,40.357003864569116,Yahoo Finance (^TWII) -> data/taiex_price.csv,Goodinfo/TWSE -> data/fundamentals/taiex_fundamental.csv,scripts/experiments/walkforward_yearly_calibration.py::run_market(Model-Driven DCA)
2019-11-30,11489.5703125,21.394829697375133,173412.27042639683,245817.4001319547,912.3827296763558,41.753175555295854,Yahoo Finance (^TWII) -> data/taiex_price.csv,Goodinfo/TWSE -> data/fundamentals/taiex_fundamental.csv,scripts/experiments/walkforward_yearly_calibration.py::run_market(Model-Driven DCA)
2019-12-31,11997.1396484375,21.470586040226472,174321.12985083926,257585.6190583897,908.8594244424244,47.76500088015553,Yahoo Finance (^TWII) -> data/taiex_price.csv,Goodinfo/TWSE -> data/fundamentals/taiex_fundamental.csv,scripts/experiments/walkforward_yearly_calibration.py::run_market(Model-Driven DCA)
2020-01-31,11495.099609375,21.537691850935815,175092.51782931105,247577.9131825314,771.3879784717766,41.39833971882381,Yahoo Finance (^TWII) -> data/taiex_price.csv,Goodinfo/TWSE -> data/fundamentals/taiex_fundamental.csv,scripts/experiments/walkforward_yearly_calibration.py::run_market(Model-Driven DCA)
2020-02-29,11292.169921875,21.618344520243017,176003.26147578078,244118.01975221944,910.7436464697244,38.70085003272039,Yahoo Finance (^TWII) -> data/taiex_price.csv,Goodinfo/TWSE -> data/fundamentals/taiex_fundamental.csv,scripts/experiments/walkforward_yearly_calibration.py::run_market(Model-Driven DCA)
2020-03-31,9708.0595703125,21.71807302663369,176971.4317566797,210840.34669495697,968.1702808989304,19.13806912340749,Yahoo Finance (^TWII) -> data/taiex_price.csv,Goodinfo/TWSE -> data/fundamentals/taiex_fundamental.csv,scripts/experiments/walkforward_yearly_calibration.py::run_market(Model-Driven DCA)
2020-04-30,10992.1396484375,21.85034001153621,178425.32892560598,240181.98877264748,1453.8971689262885,34.61204763858992,Yahoo Finance (^TWII) -> data/taiex_price.csv,Goodinfo/TWSE -> data/fundamentals/taiex_fundamental.csv,scripts/experiments/walkforward_yearly_calibration.py::run_market(Model-Driven DCA)
2020-05-31,10942.16015625,21.947524590603955,179488.73815448297,240153.3291036237,1063.4092288769814,33.798550022078665,Yahoo Finance (^TWII) -> data/taiex_price.csv,Goodinfo/TWSE -> data/fundamentals/taiex_fundamental.csv,scripts/experiments/walkforward_yearly_calibration.py::run_market(Model-Driven DCA)
2020-06-30,11621.240234375,22.032164503856755,180472.35891981045,256041.07658258884,983.6207653274748,41.87273780599053,Yahoo Finance (^TWII) -> data/taiex_price.csv,Goodinfo/TWSE -> data/fundamentals/taiex_fundamental.csv,scripts/experiments/walkforward_yearly_calibration.py::run_market(Model-Driven DCA)
2020-07-31,12664.7998046875,22.093509938501988,181249.28656852388,279809.8803540013,776.927648713437,54.37847268337532,Yahoo Finance (^TWII) -> data/taiex_price.csv,Goodinfo/TWSE -> data/fundamentals/taiex_fundamental.csv,scripts/experiments/walkforward_yearly_calibration.py::run_market(Model-Driven DCA)
2020-08-31,12591.4501953125,22.13321942329081,181749.28656852388,278689.3300302895,500.0,53.33723465550818,Yahoo Finance (^TWII) -> data/taiex_price.csv,Goodinfo/TWSE -> data/fundamentals/taiex_fundamental.csv,scripts/experiments/walkforward_yearly_calibration.py::run_market(Model-Driven DCA)
2020-09-30,12515.6103515625,22.176518943323117,182291.20648965792,277552.67004867666,541.9199211340315,52.25784907206881,Yahoo Finance (^TWII) -> data/taiex_price.csv,Goodinfo/TWSE -> data/fundamentals/taiex_fundamental.csv,scripts/experiments/walkforward_yearly_calibration.py::run_market(Model-Driven DCA)
2020-10-31,12546.33984375,22.221467892554852,182855.15128233875,278798.0880069723,563.9447926808277,52.46936498742231,Yahoo Finance (^TWII) -> data/taiex_price.csv,Goodinfo/TWSE -> data/fundamentals/taiex_fundamental.csv,scripts/experiments/walkforward_yearly_calibration.py::run_market(Model-Driven DCA)
2020-11-30,13722.8896484375,22.26199459284072,183411.294718177,305498.8951516655,556.1434358382631,66.56493026838058,Yahoo Finance (^TWII) -> data/taiex_price.csv,Goodinfo/TWSE -> data/fundamentals/taiex_fundamental.csv,scripts/experiments/walkforward_yearly_calibration.py::run_market(Model-Driven DCA)
2020-12-31,14732.5302734375,22.295933094287513,183911.294718177,328475.5092861278,500.0,78.60540310451238,Yahoo Finance (^TWII) -> data/taiex_price.csv,Goodinfo/TWSE -> data/fundamentals/taiex_fundamental.csv,scripts/experiments/walkforward_yearly_calibration.py::run_market(Model-Driven DCA)
2021-01-31,15138.3095703125,22.328961881133075,184411.294718177,338022.7373402998,500.0,83.29828325150937,Yahoo Finance (^TWII) -> data/taiex_price.csv,Goodinfo/TWSE -> data/fundamentals/taiex_fundamental.csv,scripts/experiments/walkforward_yearly_calibration.py::run_market(Model-Driven DCA)
2021-02-28,15953.7998046875,22.36030237719804,184911.294718177,356731.7876980955,500.0,92.92049641520808,Yahoo Finance (^TWII) -> data/taiex_price.csv,Goodinfo/TWSE -> data/fundamentals/taiex_fundamental.csv,scripts/experiments/walkforward_yearly_calibration.py::run_market(Model-Driven DCA)
2021-03-31,16431.130859375,22.390732419066687,185411.294718177,367905.0544149349,500.0,98.42645237667223,Yahoo Finance (^TWII) -> data/taiex_price.csv,Goodinfo/TWSE -> data/fundamentals/taiex_fundamental.csv,scripts/experiments/walkforward_yearly_calibration.py::run_market(Model-Driven DCA)
2021-04-30,17566.66015625,22.419195427717884,185911.294718177,393830.3870552739,500.0,111.8377948216011,Yahoo Finance (^TWII) -> data/taiex_price.csv,Goodinfo/TWSE -> data/fundamentals/taiex_fundamental.csv,scripts/experiments/walkforward_yearly_calibration.py::run_market(Model-Driven DCA)
2021-05-31,17068.4296875,22.44848927660465,186411.294718177,383160.4608083242,500.0,105.54573229460122,Yahoo Finance (^TWII) -> data/taiex_price.csv,Goodinfo/TWSE -> data/fundamentals/taiex_fundamental.csv,scripts/experiments/walkforward_yearly_calibration.py::run_market(Model-Driven DCA)
2021-06-30,17755.4609375,22.476649626919407,186911.294718177,399083.27445664146,500.0,113.51479858848299,Yahoo Finance (^TWII) -> data/taiex_price.csv,Goodinfo/TWSE -> data/fundamentals/taiex_fundamental.csv,scripts/experiments/walkforward_yearly_calibration.py::run_market(Model-Driven DCA)
2021-07-31,17247.41015625,22.505639486583572,187411.294718177,388163.99505380256,500.0,107.11878418934724,Yahoo Finance (^TWII) -> data/taiex_price.csv,Goodinfo/TWSE -> data/fundamentals/taiex_fundamental.csv,scripts/experiments/walkforward_yearly_calibration.py::run_market(Model-Driven DCA)
2021-08-31,17490.2890625,22.53422677854961,187911.294718177,394130.1401567607,500.0,109.74265583549074,Yahoo Finance (^TWII) -> data/taiex_price.csv,Goodinfo/TWSE -> data/fundamentals/taiex_fundamental.csv,scripts/experiments/walkforward_yearly_calibration.py::run_market(Model-Driven DCA)
2021-09-30,16934.76953125,22.563751833441987,188411.294718177,382111.9370596597,500.0,102.8073410520412,Yahoo Finance (^TWII) -> data/taiex_price.csv,Goodinfo/TWSE -> data/fundamentals/taiex_fundamental.csv,scripts/experiments/walkforward_yearly_calibration.py::run_market(Model-Driven DCA)
2021-10-31,16987.41015625,22.593185396027515,188911.294718177,383799.707058517,500.0,103.16398107962776,Yahoo Finance (^TWII) -> data/taiex_price.csv,Goodinfo/TWSE -> data/fundamentals/taiex_fundamental.csv,scripts/experiments/walkforward_yearly_calibration.py::run_market(Model-Driven DCA)
2021-11-30,17427.759765625,22.621875256728156,189411.294718177,394248.6074221947,500.0,108.14419119450764,Yahoo Finance (^TWII) -> data/taiex_price.csv,Goodinfo/TWSE -> data/fundamentals/taiex_fundamental.csv,scripts/experiments/walkforward_yearly_calibration.py::run_market(Model-Driven DCA)
2021-12-31,18218.83984375,22.64931937524987,189911.294718177,412644.3222676212,500.0,117.28266498313,Yahoo Finance (^TWII) -> data/taiex_price.csv,Goodinfo/TWSE -> data/fundamentals/taiex_fundamental.csv,scripts/experiments/walkforward_yearly_calibration.py::run_market(Model-Driven DCA)
2022-01-31,17674.400390625,22.677608878087273,190411.294718177,400813.13921330665,500.0,110.49861553987131,Yahoo Finance (^TWII) -> data/taiex_price.csv,Goodinfo/TWSE -> data/fundamentals/taiex_fundamental.csv,scripts/experiments/walkforward_yearly_calibration.py::run_market(Model-Driven DCA)
2022-02-28,17652.1796875,22.70593399197415,190911.294718177,400809.22679884185,500.0,109.9452666697986,Yahoo Finance (^TWII) -> data/taiex_price.csv,Goodinfo/TWSE -> data/fundamentals/taiex_fundamental.csv,scripts/experiments/walkforward_yearly_calibration.py::run_market(Model-Driven DCA)
2022-03-31,17693.470703125,22.73419300392208,191411.294718177,402246.77787408466,500.0,110.14787997036942,Yahoo Finance (^TWII) -> data/taiex_price.csv,Goodinfo/TWSE -> data/fundamentals/taiex_fundamental.csv,scripts/experiments/walkforward_yearly_calibration.py::run_market(Model-Driven DCA)
2022-04-30,16592.1796875,22.76985336333892,192002.977809342,377801.4984625456,591.683091164998,96.76856201558532,Yahoo Finance (^TWII) -> data/taiex_price.csv,Goodinfo/TWSE -> data/fundamentals/taiex_fundamental.csv,scripts/experiments/walkforward_yearly_calibration.py::run_market(Model-Driven DCA)
2022-05-31,16807.76953125,22.819550272356302,192838.2720025217,383545.7417845379,835.2941931796967,98.895031469439,Yahoo Finance (^TWII) -> data/taiex_price.csv,Goodinfo/TWSE -> data/fundamentals/taiex_fundamental.csv,scripts/experiments/walkforward_yearly_calibration.py::run_market(Model-Driven DCA)
2022-06-30,14825.73046875,22.87624140186037,193678.75940851792,339156.98916204146,840.4874059962442,75.11315654736967,Yahoo Finance (^TWII) -> data/taiex_price.csv,Goodinfo/TWSE -> data/fundamentals/taiex_fundamental.csv,scripts/experiments/walkforward_yearly_calibration.py::run_market(Model-Driven DCA)
2022-07-31,15000.0703125,22.957945290918182,194904.32348918993,344370.79359430104,1225.564080671989,76.68709827948021,Yahoo Finance (^TWII) -> data/taiex_price.csv,Goodinfo/TWSE -> data/fundamentals/taiex_fundamental.csv,scripts/experiments/walkforward_yearly_calibration.py::run_market(Model-Driven DCA)
2022-08-31,15095.4404296875,23.03711984697477,196099.49828368908,347755.47032157925,1195.1747944991553,77.33623663763571,Yahoo Finance (^TWII) -> data/taiex_price.csv,Goodinfo/TWSE -> data/fundamentals/taiex_fundamental.csv,scripts/experiments/walkforward_yearly_calibration.py::run_market(Model-Driven DCA)
2022-09-30,13424.580078125,23.11422074631436,197134.5454809688,310298.7073523553,1035.0471972797295,57.404531303881114,Yahoo Finance (^TWII) -> data/taiex_price.csv,Goodinfo/TWSE -> data/fundamentals/taiex_fundamental.csv,scripts/experiments/walkforward_yearly_calibration.py::run_market(Model-Driven DCA)
2022-10-31,12949.75,23.220638090926183,198512.62348935576,300701.4581179713,1378.0780083869545,51.47724755856391,Yahoo Finance (^TWII) -> data/taiex_price.csv,Goodinfo/TWSE -> data/fundamentals/taiex_fundamental.csv,scripts/experiments/walkforward_yearly_calibration.py::run_market(Model-Driven DCA)
2022-11-30,14879.5498046875,23.32112572191912,200007.8341994702,347007.8516806743,1495.2107101144477,73.49712978472594,Yahoo Finance (^TWII) -> data/taiex_price.csv,Goodinfo/TWSE -> data/fundamentals/taiex_fundamental.csv,scripts/experiments/walkforward_yearly_calibration.py::run_market(Model-Driven DCA)
2022-12-31,14137.6904296875,23.400092323630385,201124.23956874845,330823.2612975932,1116.4053692782388,64.48701658584066,Yahoo Finance (^TWII) -> data/taiex_price.csv,Goodinfo/TWSE -> data/fundamentals/taiex_fundamental.csv,scripts/experiments/walkforward_yearly_calibration.py::run_market(Model-Driven DCA)
2023-01-31,15265.2001953125,23.498355037568498,202624.23956874845,358707.093909013,1500.0,77.03069221750597,Yahoo Finance (^TWII) -> data/taiex_price.csv,Goodinfo/TWSE -> data/fundamentals/taiex_fundamental.csv,scripts/experiments/walkforward_yearly_calibration.py::run_market(Model-Driven DCA)
2023-02-28,15503.7900390625,23.566737321527317,203684.4241416376,365373.74733869766,1060.1845728891417,79.38227180524365,Yahoo Finance (^TWII) -> data/taiex_price.csv,Goodinfo/TWSE -> data/fundamentals/taiex_fundamental.csv,scripts/experiments/walkforward_yearly_calibration.py::run_market(Model-Driven DCA)
2023-03-31,15868.0595703125,23.63157795125907,204713.3191167977,374987.2866710623,1028.89497516009,83.17679000510758,Yahoo Finance (^TWII) -> data/taiex_price.csv,Goodinfo/TWSE -> data/fundamentals/taiex_fundamental.csv,scripts/experiments/walkforward_yearly_calibration.py::run_market(Model-Driven DCA)
2023-04-30,15579.1796875,23.688184831879873,205595.207881538,369042.4879665685,881.8887647403232,79.4995572947436,Yahoo Finance (^TWII) -> data/taiex_price.csv,Goodinfo/TWSE -> data/fundamentals/taiex_fundamental.csv,scripts/experiments/walkforward_yearly_calibration.py::run_market(Model-Driven DCA)
2023-05-31,16578.9609375,23.746394458223904,206560.2630028822,393690.54612936056,965.055121344164,90.5935538646498,Yahoo Finance (^TWII) -> data/taiex_price.csv,Goodinfo/TWSE -> data/fundamentals/taiex_fundamental.csv,scripts/experiments/walkforward_yearly_calibration.py::run_market(Model-Driven DCA)
2023-06-30,16915.5390625,23.78777652694862,207260.2630028822,402383.06305162,700.0,94.14385431230703,Yahoo Finance (^TWII) -> data/taiex_price.csv,Goodinfo/TWSE -> data/fundamentals/taiex_fundamental.csv,scripts/experiments/walkforward_yearly_calibration.py::run_market(Model-Driven DCA)
2023-07-31,17145.4296875,23.82860373354294,207960.2630028822,408551.64986476046,700.0,96.45659414226564,Yahoo Finance (^TWII) -> data/taiex_price.csv,Goodinfo/TWSE -> data/fundamentals/taiex_fundamental.csv,scripts/experiments/walkforward_yearly_calibration.py::run_market(Model-Driven DCA)
2023-08-31,16634.509765625,23.870684925586637,208660.2630028822,397077.1415068284,700.0,90.29839979706327,Yahoo Finance (^TWII) -> data/taiex_price.csv,Goodinfo/TWSE -> data/fundamentals/taiex_fundamental.csv,scripts/experiments/walkforward_yearly_calibration.py::run_market(Model-Driven DCA)
2023-09-30,16353.740234375,23.91348858945606,209360.2630028822,391074.980489655,700.0,86.79522793887166,Yahoo Finance (^TWII) -> data/taiex_price.csv,Goodinfo/TWSE -> data/fundamentals/taiex_fundamental.csv,scripts/experiments/walkforward_yearly_calibration.py::run_market(Model-Driven DCA)
2023-10-31,16001.26953125,23.95723511835696,210060.2630028822,383346.1763523577,700.0,82.49342872959173,Yahoo Finance (^TWII) -> data/taiex_price.csv,Goodinfo/TWSE -> data/fundamentals/taiex_fundamental.csv,scripts/experiments/walkforward_yearly_calibration.py::run_market(Model-Driven DCA)
2023-11-30,17433.849609375,23.997386892961213,210760.2630028822,418366.8341098726,700.0,98.50365915711129,Yahoo Finance (^TWII) -> data/taiex_price.csv,Goodinfo/TWSE -> data/fundamentals/taiex_fundamental.csv,scripts/experiments/walkforward_yearly_calibration.py::run_market(Model-Driven DCA)
2023-12-31,17930.810546875,24.036425842046647,211460.2630028822,430992.5979977488,700.0,103.81729970319502,Yahoo Finance (^TWII) -> data/taiex_price.csv,Goodinfo/TWSE -> data/fundamentals/taiex_fundamental.csv,scripts/experiments/walkforward_yearly_calibration.py::run_market(Model-Driven DCA)
2024-01-31,17889.560546875,24.075554807689254,212160.2630028822,430701.0954317645,700.0,103.00742907068955,Yahoo Finance (^TWII) -> data/taiex_price.csv,Goodinfo/TWSE -> data/fundamentals/taiex_fundamental.csv,scripts/experiments/walkforward_yearly_calibration.py::run_market(Model-Driven DCA)
2024-02-29,18966.76953125,24.11246146165827,212860.2630028822,457335.49937442,700.0,114.85245433913023,Yahoo Finance (^TWII) -> data/taiex_price.csv,Goodinfo/TWSE -> data/fundamentals/taiex_fundamental.csv,scripts/experiments/walkforward_yearly_calibration.py::run_market(Model-Driven DCA)
2024-03-31,20294.44921875,24.14695365173719,213560.2630028822,490049.12467269023,700.0,129.46643620965975,Yahoo Finance (^TWII) -> data/taiex_price.csv,Goodinfo/TWSE -> data/fundamentals/taiex_fundamental.csv,scripts/experiments/walkforward_yearly_calibration.py::run_market(Model-Driven DCA)
2024-04-30,20396.599609375,24.181273097792214,214260.2630028822,493215.745420619,700.0,130.1946886968884,Yahoo Finance (^TWII) -> data/taiex_price.csv,Goodinfo/TWSE -> data/fundamentals/taiex_fundamental.csv,scripts/experiments/walkforward_yearly_calibration.py::run_market(Model-Driven DCA)
2024-05-31,21174.220703125,24.21433216569438,214960.2630028822,512719.61345519155,700.0,138.51832254611494,Yahoo Finance (^TWII) -> data/taiex_price.csv,Goodinfo/TWSE -> data/fundamentals/taiex_fundamental.csv,scripts/experiments/walkforward_yearly_calibration.py::run_market(Model-Driven DCA)
2024-06-30,23032.25,24.24472433319864,215660.2630028822,558410.5520233144,700.0,158.9306644849318,Yahoo Finance (^TWII) -> data/taiex_price.csv,Goodinfo/TWSE -> data/fundamentals/taiex_fundamental.csv,scripts/experiments/walkforward_yearly_calibration.py::run_market(Model-Driven DCA)
2024-07-31,22199.349609375,24.276256788532574,216360.2630028822,538917.1116555978,700.0,149.0832208169477,Yahoo Finance (^TWII) -> data/taiex_price.csv,Goodinfo/TWSE -> data/fundamentals/taiex_fundamental.csv,scripts/experiments/walkforward_yearly_calibration.py::run_market(Model-Driven DCA)
2024-08-31,22268.08984375,24.307691905101247,217060.2630028822,541285.8672369892,700.0,149.37123900462697,Yahoo Finance (^TWII) -> data/taiex_price.csv,Goodinfo/TWSE -> data/fundamentals/taiex_fundamental.csv,scripts/experiments/walkforward_yearly_calibration.py::run_market(Model-Driven DCA)
2024-09-30,22224.5390625,24.339188621322513,217760.2630028822,540927.2482641378,700.0,148.40493890153792,Yahoo Finance (^TWII) -> data/taiex_price.csv,Goodinfo/TWSE -> data/fundamentals/taiex_fundamental.csv,scripts/experiments/walkforward_yearly_calibration.py::run_market(Model-Driven DCA)
2024-10-31,22820.4296875,24.369862890369404,218460.2630028822,556130.7425836906,700.0,154.56837547446943,Yahoo Finance (^TWII) -> data/taiex_price.csv,Goodinfo/TWSE -> data/fundamentals/taiex_fundamental.csv,scripts/experiments/walkforward_yearly_calibration.py::run_market(Model-Driven DCA)
2024-11-30,22262.5,24.401305899914604,219160.2630028822,543234.0725968488,700.0,147.87069752225327,Yahoo Finance (^TWII) -> data/taiex_price.csv,Goodinfo/TWSE -> data/fundamentals/taiex_fundamental.csv,scripts/experiments/walkforward_yearly_calibration.py::run_market(Model-Driven DCA)
2024-12-31,23035.099609375,24.431694307686676,219860.2630028822,562786.5120033628,700.0,155.97463785258233,Yahoo Finance (^TWII) -> data/taiex_price.csv,Goodinfo/TWSE -> data/fundamentals/taiex_fundamental.csv,scripts/experiments/walkforward_yearly_calibration.py::run_market(Model-Driven DCA)
2025-01-31,23525.41015625,24.46144936808098,220560.2630028822,575465.6294004475,700.0,160.9108375033664,Yahoo Finance (^TWII) -> data/taiex_price.csv,Goodinfo/TWSE -> data/fundamentals/taiex_fundamental.csv,scripts/experiments/walkforward_yearly_calibration.py::run_market(Model-Driven DCA)
2025-02-28,23053.1796875,24.49181394292441,221260.2630028822,564614.1876990543,700.0,155.18101625491582,Yahoo Finance (^TWII) -> data/taiex_price.csv,Goodinfo/TWSE -> data/fundamentals/taiex_fundamental.csv,scripts/experiments/walkforward_yearly_calibration.py::run_market(Model-Driven DCA)
2025-03-31,20695.900390625,24.525637066672967,221960.2630028822,507580.1417484841,700.0,128.68063629114238,Yahoo Finance (^TWII) -> data/taiex_price.csv,Goodinfo/TWSE -> data/fundamentals/taiex_fundamental.csv,scripts/experiments/walkforward_yearly_calibration.py::run_market(Model-Driven DCA)
2025-04-30,20235.029296875,24.56023054265613,222660.2630028822,496976.98456865095,700.0,123.19967553537737,Yahoo Finance (^TWII) -> data/taiex_price.csv,Goodinfo/TWSE -> data/fundamentals/taiex_fundamental.csv,scripts/experiments/walkforward_yearly_calibration.py::run_market(Model-Driven DCA)
2025-05-31,21347.30078125,24.59302157357723,223360.2630028822,524994.6286509233,700.0,135.0438800495811,Yahoo Finance (^TWII) -> data/taiex_price.csv,Goodinfo/TWSE -> data/fundamentals/taiex_fundamental.csv,scripts/experiments/walkforward_yearly_calibration.py::run_market(Model-Driven DCA)
2025-06-30,22256.01953125,24.624473738642823,224060.2630028822,548042.7684739874,700.0,144.5961462014965,Yahoo Finance (^TWII) -> data/taiex_price.csv,Goodinfo/TWSE -> data/fundamentals/taiex_fundamental.csv,scripts/experiments/walkforward_yearly_calibration.py::run_market(Model-Driven DCA)
2025-07-31,23542.51953125,24.65420717473792,224760.2630028822,580422.1539387513,700.0,158.24055648631642,Yahoo Finance (^TWII) -> data/taiex_price.csv,Goodinfo/TWSE -> data/fundamentals/taiex_fundamental.csv,scripts/experiments/walkforward_yearly_calibration.py::run_market(Model-Driven DCA)
2025-08-31,24233.099609375,24.683093285523732,225460.2630028822,598147.8582555918,700.0,165.30078972184353,Yahoo Finance (^TWII) -> data/taiex_price.csv,Goodinfo/TWSE -> data/fundamentals/taiex_fundamental.csv,scripts/experiments/walkforward_yearly_calibration.py::run_market(Model-Driven DCA)
2025-09-30,25820.5390625,24.7102034863722,226160.2630028822,638030.774362197,700.0,182.11444658342387,Yahoo Finance (^TWII) -> data/taiex_price.csv,Goodinfo/TWSE -> data/fundamentals/taiex_fundamental.csv,scripts/experiments/walkforward_yearly_calibration.py::run_market(Model-Driven DCA)
2025-10-31,28233.349609375,24.734996860508986,226860.2630028822,698351.8139495432,700.0,207.83346748596108,Yahoo Finance (^TWII) -> data/taiex_price.csv,Goodinfo/TWSE -> data/fundamentals/taiex_fundamental.csv,scripts/experiments/walkforward_yearly_calibration.py::run_market(Model-Driven DCA)
2025-11-30,27626.48046875,24.760334869119667,227560.2630028822,684040.907661444,700.0,200.59769602779033,Yahoo Finance (^TWII) -> data/taiex_price.csv,Goodinfo/TWSE -> data/fundamentals/taiex_fundamental.csv,scripts/experiments/walkforward_yearly_calibration.py::run_market(Model-Driven DCA)
2025-12-31,28963.599609375,24.784503135821343,228260.2630028822,717848.4253432286,700.0,214.48681250935232,Yahoo Finance (^TWII) -> data/taiex_price.csv,Goodinfo/TWSE -> data/fundamentals/taiex_fundamental.csv,scripts/experiments/walkforward_yearly_calibration.py::run_market(Model-Driven DCA)
2026-01-31,32063.75,24.806334643364913,228960.2630028822,795384.1124211918,700.0,247.38958716656404,Yahoo Finance (^TWII) -> data/taiex_price.csv,Goodinfo/TWSE -> data/fundamentals/taiex_fundamental.csv,scripts/experiments/walkforward_yearly_calibration.py::run_market(Model-Driven DCA)
2026-02-28,35414.48828125,24.826100564996786,229660.2630028822,879203.6475282126,700.0,282.82793724623525,Yahoo Finance (^TWII) -> data/taiex_price.csv,Goodinfo/TWSE -> data/fundamentals/taiex_fundamental.csv,scripts/experiments/walkforward_yearly_calibration.py::run_market(Model-Driven DCA)
2026-03-31,31722.990234375,24.84816658067905,230360.2630028822,788258.1457810047,700.0,242.1849478315374,Yahoo Finance (^TWII) -> data/taiex_price.csv,Goodinfo/TWSE -> data/fundamentals/taiex_fundamental.csv,scripts/experiments/walkforward_yearly_calibration.py::run_market(Model-Driven DCA)
